epoch,ResNet34_train_iou,ResNet34_val_iou,LambdaResNet26t_train_iou,LambdaResNet26t_val_iou,SwinNet26t_train_iou,SwinNet26t_val_iou,HaloNet26t_train_iou,HaloNet26t_val_iou,BoTNet26t_train_iou,BoTNet26t_val_iou
0,0.2818466126918793,0.4066993594169617,0.25628945231437683,0.3313885033130646,0.27688661217689514,0.3838289976119995,0.2611833214759827,0.35137468576431274,0.3033822178840637,0.3874560296535492
1,0.4567753970623016,0.4996074438095093,0.363888680934906,0.4068831205368042,0.4116569459438324,0.433464378118515,0.3778367340564728,0.4059779047966003,0.41567203402519226,0.4507340788841248
2,0.5321769714355469,0.5157372951507568,0.4127746224403381,0.42544376850128174,0.4579066038131714,0.4780616462230682,0.423614889383316,0.4289485216140747,0.4612687826156616,0.4706005454063416
3,0.5731878280639648,0.5639906525611877,0.4443012177944183,0.4621721208095551,0.4853281378746033,0.4912983775138855,0.4558223187923432,0.4764226377010346,0.4904539585113525,0.5029477477073669
4,0.5941623449325562,0.5790258049964905,0.4681204557418823,0.44817981123924255,0.5028898119926453,0.5080150961875916,0.4781086146831513,0.4932421445846558,0.5091866254806519,0.5228013396263123
5,0.6085212230682373,0.5851211547851562,0.4839951992034912,0.4965485036373138,0.5151336789131165,0.5223655700683594,0.4984595775604248,0.4999155402183533,0.5260776281356812,0.5345470309257507
6,0.6160244941711426,0.5935572385787964,0.4956911206245422,0.512468695640564,0.5283178687095642,0.536424994468689,0.5125755071640015,0.5255362391471863,0.5353366732597351,0.5452563762664795
7,0.6243096590042114,0.6026473641395569,0.514025092124939,0.5162520408630371,0.5376179218292236,0.5427864193916321,0.5270988345146179,0.5315694808959961,0.5448448061943054,0.5425369143486023
8,0.6292487382888794,0.6049500107765198,0.5188618302345276,0.5323864817619324,0.5450989603996277,0.5487093925476074,0.5357542634010315,0.5460928082466125,0.5544388890266418,0.5632843971252441
9,0.6319795846939087,0.6010897159576416,0.5264830589294434,0.5384454131126404,0.5525844097137451,0.5614026188850403,0.5406264662742615,0.5481886267662048,0.5625446438789368,0.5661461353302002
10,0.6351105570793152,0.6006196141242981,0.5346630215644836,0.5436608791351318,0.5643603801727295,0.5624896883964539,0.5519483685493469,0.5635785460472107,0.5700235366821289,0.579164981842041
11,0.6376685500144958,0.6154170632362366,0.540416419506073,0.557911217212677,0.5681242346763611,0.5729673504829407,0.5613307952880859,0.562279462814331,0.5774455070495605,0.5844247937202454
12,0.6438412070274353,0.6198572516441345,0.547775387763977,0.5616558790206909,0.5725364685058594,0.5763061046600342,0.5665814280509949,0.5728040337562561,0.5825464725494385,0.5839983820915222
13,0.64652019739151,0.6127795577049255,0.5527899861335754,0.568681538105011,0.5776483416557312,0.5732417702674866,0.5706300735473633,0.5760980844497681,0.5879774689674377,0.5974363088607788
14,0.6450611352920532,0.6108275055885315,0.5617885589599609,0.5704221725463867,0.5823960900306702,0.587177574634552,0.5739389657974243,0.5868431925773621,0.593808650970459,0.5907150506973267
15,0.6502895355224609,0.6180009245872498,0.5658886432647705,0.572551965713501,0.5883435010910034,0.5872271060943604,0.5809832811355591,0.5886513590812683,0.5961998105049133,0.6012853980064392
16,0.6519796848297119,0.6238744854927063,0.5673584342002869,0.5781005620956421,0.5907434821128845,0.5949059724807739,0.5852611660957336,0.5932062864303589,0.599493682384491,0.6047452688217163
17,0.6536637544631958,0.6136534810066223,0.5705435872077942,0.5861249566078186,0.5956596732139587,0.6003756523132324,0.5895788073539734,0.5896037220954895,0.6063556075096129,0.6096593141555786
18,0.654012143611908,0.6249344944953918,0.5738069415092468,0.5877933502197266,0.5989082455635071,0.6074369549751282,0.5945003032684326,0.5968327522277832,0.6030945181846619,0.6114242672920227
19,0.6570870280265808,0.6168517470359802,0.5800157189369202,0.5951507687568665,0.6034690141677856,0.6050902605056763,0.5934065580368042,0.5962108373641968,0.610794186592102,0.6157236695289612
20,0.6577801108360289,0.6211447715759277,0.5832520723342896,0.5920547246932983,0.6062737703323364,0.6077788472175598,0.6001420617103577,0.5967686772346497,0.6127158999443054,0.6201351284980774
21,0.6591137051582336,0.6280790567398071,0.5869787335395813,0.5992346405982971,0.608122706413269,0.610442042350769,0.6051827669143677,0.6031942963600159,0.6174343228340149,0.6200001239776611
22,0.6611219644546509,0.6300163269042969,0.5899714827537537,0.5996202230453491,0.6109331250190735,0.6076554656028748,0.6050746440887451,0.6070873141288757,0.6186634302139282,0.6202336549758911
23,0.6610278487205505,0.6274603009223938,0.5896589159965515,0.6044173836708069,0.6129024028778076,0.6135392189025879,0.6109749674797058,0.6147792339324951,0.6220132112503052,0.6284018754959106
24,0.6629694700241089,0.6229212284088135,0.5952311158180237,0.6083553433418274,0.6175137162208557,0.6178282499313354,0.612788200378418,0.6110975742340088,0.6250346899032593,0.6261805295944214
25,0.6648968458175659,0.6284904479980469,0.599194347858429,0.6104429364204407,0.6163556575775146,0.6285554766654968,0.615469217300415,0.6162339448928833,0.6278864741325378,0.6316712498664856
26,0.6655585765838623,0.6281818747520447,0.6003828048706055,0.6140086054801941,0.6242029666900635,0.6243550181388855,0.6189985871315002,0.6238471269607544,0.6279057860374451,0.6312214732170105
27,0.6670833230018616,0.6196832060813904,0.6073204874992371,0.6119533181190491,0.6239768862724304,0.6295197606086731,0.6207369565963745,0.619379997253418,0.6334683299064636,0.638597846031189
28,0.6678285598754883,0.6145479679107666,0.6031154990196228,0.6174242496490479,0.6245010495185852,0.6276512742042542,0.6226938962936401,0.6286688446998596,0.6331860423088074,0.6359310150146484
29,0.6686305999755859,0.6268336772918701,0.6057181358337402,0.6230024099349976,0.6290271282196045,0.6323176622390747,0.6230388879776001,0.6296775341033936,0.6365358829498291,0.6370581984519958
30,0.6692026853561401,0.6458166241645813,0.6099123358726501,0.6256194710731506,0.6293101906776428,0.6335732340812683,0.624893307685852,0.6280888915061951,0.638407826423645,0.6420671343803406
31,0.6703034043312073,0.635274350643158,0.6118574738502502,0.6246616840362549,0.6322929263114929,0.6421321630477905,0.6273416876792908,0.6302512884140015,0.6392444372177124,0.6468391418457031
32,0.668673574924469,0.6298412680625916,0.616532027721405,0.6274057626724243,0.6356047987937927,0.6319407820701599,0.6318706870079039,0.63010174036026,0.6394668817520142,0.644851803779602
33,0.670812726020813,0.632704496383667,0.6143351197242737,0.6306912899017334,0.6368779540061951,0.6400949358940125,0.6306006908416748,0.6353036165237427,0.6421521306037903,0.6442588567733765
34,0.6728079915046692,0.6344059705734253,0.620638906955719,0.6332297921180725,0.6363404989242554,0.6376243233680725,0.6308026313781738,0.6377838850021362,0.6423173546791077,0.6490494608879089
35,0.6733009815216064,0.6302326321601868,0.6232689023017883,0.6331444382667542,0.6401258707046509,0.6421793699264526,0.637886106967926,0.6393729448318481,0.6468524336814879,0.6501166820526123
36,0.6726407408714294,0.633130669593811,0.6211032271385193,0.6352126002311707,0.6406908631324768,0.6478177905082703,0.6382881999015808,0.6447031497955322,0.6473907232284546,0.6498196721076965
37,0.6760130524635315,0.6455416083335876,0.6236119270324707,0.6362168192863464,0.6423640251159668,0.6462075710296631,0.6378307342529297,0.6396915912628174,0.647938072681427,0.6542301177978516
38,0.674787163734436,0.6283853054046631,0.6213477849960327,0.6372857093811035,0.6442419290542603,0.6480548977851868,0.638633668422699,0.6402447819709778,0.6477524638175964,0.6503816843032837
39,0.6773911714553833,0.6409772634506226,0.6291630268096924,0.6415650248527527,0.6436671614646912,0.6468129754066467,0.6419764161109924,0.6449741125106812,0.6494613885879517,0.6551561951637268
40,0.6781396865844727,0.6453866362571716,0.6272944211959839,0.63808274269104,0.6449664235115051,0.6516679525375366,0.6409768462181091,0.6445609331130981,0.6524548530578613,0.6543249487876892
41,0.6804958581924438,0.655498743057251,0.6300554871559143,0.6437845826148987,0.6483252644538879,0.6585410833358765,0.6417533159255981,0.6480821371078491,0.6541831493377686,0.6521565318107605
42,0.6801934838294983,0.6417506337165833,0.6333978176116943,0.643315851688385,0.648128867149353,0.6523271203041077,0.6442926526069641,0.6482894420623779,0.6551279425621033,0.6562193036079407
43,0.6800205111503601,0.64817875623703,0.6318238973617554,0.6419734954833984,0.651240348815918,0.6490423679351807,0.6447804570198059,0.6457268595695496,0.6536689400672913,0.6621187329292297
44,0.6793860793113708,0.6368317604064941,0.6359477639198303,0.6419960260391235,0.6512224674224854,0.6552869081497192,0.6498294472694397,0.6513926386833191,0.6565057039260864,0.6594300866127014
45,0.6788362860679626,0.6311525702476501,0.6350695490837097,0.6417360901832581,0.6531851887702942,0.6557700037956238,0.6488586068153381,0.6499226689338684,0.656231701374054,0.660712480545044
46,0.6808680891990662,0.6389067769050598,0.6363233923912048,0.6516715884208679,0.6523517370223999,0.6558693647384644,0.6483332514762878,0.656575083732605,0.6575707197189331,0.6587441563606262
47,0.6821194887161255,0.6468572616577148,0.6367203593254089,0.6496722102165222,0.6526791453361511,0.6549877524375916,0.6504555344581604,0.6547367572784424,0.6593219041824341,0.665261447429657
48,0.6818370223045349,0.6528187394142151,0.6394358277320862,0.6520854234695435,0.6543649435043335,0.6621701717376709,0.65286785364151,0.6556407809257507,0.661636471748352,0.6663300395011902
49,0.6825438737869263,0.6479272246360779,0.6392450332641602,0.6529946327209473,0.6575759649276733,0.6601884961128235,0.6542567610740662,0.6538182497024536,0.66102135181427,0.6673240661621094
50,0.6853598952293396,0.6379749774932861,0.6422722935676575,0.6548402309417725,0.6584608554840088,0.6557631492614746,0.6506396532058716,0.6572087407112122,0.6638864874839783,0.6696016192436218
51,0.6840108036994934,0.6458183526992798,0.6411488056182861,0.6568869352340698,0.6573936939239502,0.6606868505477905,0.6545171141624451,0.6585649847984314,0.6649008989334106,0.6628408432006836
52,0.6867758631706238,0.640991747379303,0.6467748880386353,0.6546029448509216,0.6589281558990479,0.6586161255836487,0.6509112715721129,0.6569792628288269,0.6633803248405457,0.6680928468704224
53,0.6871295571327211,0.6474611759185791,0.6456968784332275,0.656387984752655,0.6599196791648865,0.6656203866004944,0.6539079546928406,0.6609541177749634,0.6634824275970459,0.6711180210113525
54,0.6859455108642578,0.6515358686447144,0.6453786492347717,0.6599240303039551,0.6593441963195801,0.6631081700325012,0.6559017300605774,0.6588472723960876,0.6671139597892761,0.6661409735679626
55,0.6881431937217712,0.6525682210922241,0.6470367312431335,0.659567654132843,0.6635380983352661,0.6642351746559143,0.6589211225509644,0.6611288189888,0.6661788821220398,0.6709076762199402
56,0.687205970287323,0.6514082551002502,0.6470522880554199,0.6592593193054199,0.6616238951683044,0.6660267114639282,0.6564927101135254,0.6632542610168457,0.669050395488739,0.6694567799568176
57,0.6880162358283997,0.6443611979484558,0.6490011215209961,0.6587353348731995,0.6634527444839478,0.6686165928840637,0.6590893268585205,0.6606107354164124,0.6702955365180969,0.6721386909484863
58,0.6887696981430054,0.6346141695976257,0.6502438187599182,0.6645237803459167,0.6632842421531677,0.6666932702064514,0.6634318232536316,0.6653725504875183,0.6696242094039917,0.6706761717796326
59,0.6889269948005676,0.6430102586746216,0.6516090035438538,0.6637794971466064,0.6641690135002136,0.6710860133171082,0.6616892218589783,0.6583408117294312,0.6701974272727966,0.6722796559333801
60,0.6898349523544312,0.6477343440055847,0.6517435312271118,0.6621410250663757,0.666777491569519,0.6630539894104004,0.6622200608253479,0.6645970344543457,0.6709904074668884,0.6749951243400574
61,0.6882731914520264,0.6447610259056091,0.6494631767272949,0.6635445356369019,0.6672088503837585,0.6721090078353882,0.6615837812423706,0.6646174192428589,0.6716820597648621,0.6728114485740662
62,,,0.653403639793396,0.6642262935638428,0.6674731373786926,0.6729879975318909,0.6623635292053223,0.6687372326850891,0.671107292175293,0.6742381453514099
63,,,0.6545414328575134,0.6659180521965027,0.6689053177833557,0.6729141473770142,0.663663387298584,0.6681200265884399,0.6705912351608276,0.6722821593284607
64,,,0.6542192697525024,0.6673634052276611,0.6688584685325623,0.6720224618911743,0.6656110286712646,0.6681250333786011,0.6730951070785522,0.6748864054679871
65,,,0.656893789768219,0.667609453201294,0.6701606512069702,0.6721283793449402,0.6659260392189026,0.6682797074317932,0.6742064356803894,0.6794458627700806
66,,,0.6580575704574585,0.6698378324508667,0.6702530384063721,0.6742745637893677,0.6674107313156128,0.6676285266876221,0.6738683581352234,0.6746861338615417
67,,,0.6592592597007751,0.667242705821991,0.6695858836174011,0.6742294430732727,0.6667851805686951,0.6662968993186951,0.6743388175964355,0.6788619160652161
68,,,0.6596561670303345,0.668801486492157,0.6727277040481567,0.6737531423568726,0.6653555035591125,0.6682218313217163,0.678463876247406,0.6786882877349854
69,,,0.6584703922271729,0.6712530255317688,0.674019992351532,0.6784750819206238,0.6672520041465759,0.6689008474349976,0.6780147552490234,0.679550051689148
70,,,0.660529375076294,0.672084629535675,0.6721881031990051,0.6790191531181335,0.6681874990463257,0.6716898083686829,0.6777122020721436,0.6816598773002625
71,,,0.6633215546607971,0.6726815104484558,0.6755726933479309,0.6755768060684204,0.6688002347946167,0.6754608750343323,0.6774075627326965,0.6772667169570923
72,,,0.6593694686889648,0.6727389097213745,0.674058735370636,0.6741111874580383,0.6685711741447449,0.6700763702392578,0.6775330305099487,0.6782128810882568
73,,,0.6601067781448364,0.6676516532897949,0.6744056344032288,0.6751794815063477,0.6730209589004517,0.6715411543846129,0.6794369220733643,0.6833678483963013
74,,,0.6646543741226196,0.6731232404708862,0.6755963563919067,0.6787338852882385,0.6691293716430664,0.6709423661231995,0.6789147257804871,0.6833642721176147
75,,,0.6627781391143799,0.6753188967704773,0.672956109046936,0.6779990196228027,0.6726787686347961,0.6749166250228882,0.6795458197593689,0.677674412727356
76,,,0.6669832468032837,0.675007164478302,0.6762251257896423,0.678054690361023,0.6746230721473694,0.6754093766212463,0.681235134601593,0.6834951639175415
77,,,0.6658599376678467,0.6779149770736694,0.6793398261070251,0.6809110045433044,0.6733887195587158,0.6732358336448669,0.6790810227394104,0.6788026690483093
78,,,0.663899838924408,0.6751521229743958,0.6780374646186829,0.6800275444984436,0.6735516190528871,0.6773584485054016,0.6812168955802917,0.6827603578567505
79,,,0.6664015054702759,0.6797204613685608,0.6777649521827698,0.6798575520515442,0.6731191873550415,0.6774387955665588,0.6822863817214966,0.6854583621025085
80,,,0.6662502884864807,0.6775338053703308,0.6774790287017822,0.6845983862876892,0.6747108697891235,0.6756953001022339,0.6847090721130371,0.6820928454399109
81,,,0.6664971113204956,0.678817629814148,0.6809889674186707,0.680117130279541,0.6755406856536865,0.6790174245834351,0.6846709847450256,0.6797665953636169
82,,,0.6690648198127747,0.6785793900489807,0.6813367605209351,0.6827182769775391,0.6761162877082825,0.676790714263916,0.6855054497718811,0.6838956475257874
83,,,0.6692318320274353,0.6769381165504456,0.6815005540847778,0.68603515625,0.6767498254776001,0.6790866255760193,0.6856997609138489,0.6861958503723145
84,,,0.667535126209259,0.6780654191970825,0.6797629594802856,0.6815564632415771,0.6741858720779419,0.6835983991622925,0.6854338645935059,0.6831814646720886
85,,,0.6713359355926514,0.6815191507339478,0.6829143762588501,0.6859020590782166,0.6756021976470947,0.6859241127967834,0.685672402381897,0.6829107999801636
86,,,0.668947696685791,0.6813279986381531,0.6807515025138855,0.6820427775382996,0.6787896156311035,0.6772234439849854,0.6848739981651306,0.6850944757461548
87,,,0.6689524054527283,0.681900143623352,0.6818003058433533,0.6879334449768066,0.677301824092865,0.6787773370742798,0.6859620809555054,0.688877284526825
88,,,0.6714848279953003,0.6821258664131165,0.6822704076766968,0.6872711181640625,0.6815778017044067,0.6809098124504089,0.6855974197387695,0.6874903440475464
89,,,0.6732709407806396,0.681193470954895,0.6872435212135315,0.684772253036499,0.6799339056015015,0.6769662499427795,0.6879979968070984,0.6911239624023438
90,,,0.672469437122345,0.6849305033683777,0.6826484203338623,0.6864010095596313,0.677924394607544,0.6758730411529541,0.6866742968559265,0.6920047998428345
91,,,0.6750749349594116,0.6844199299812317,0.685158371925354,0.6831231117248535,0.6807648539543152,0.6815300583839417,0.6884526610374451,0.6866206526756287
92,,,0.6741716861724854,0.6819802522659302,0.6853041648864746,0.692420244216919,0.6800565123558044,0.6833341121673584,0.6878322958946228,0.6889601349830627
93,,,0.6779106855392456,0.68385249376297,0.6871796250343323,0.6901146769523621,0.6817173361778259,0.6842419505119324,0.6870367527008057,0.6905544996261597
94,,,0.6731081008911133,0.6823172569274902,0.6866714954376221,0.6877270936965942,0.6801441311836243,0.6860445737838745,0.6878211498260498,0.6935915946960449
95,,,0.6731998324394226,0.6868472695350647,0.6882331967353821,0.6907548904418945,0.6845862865447998,0.6825435161590576,0.6890583634376526,0.6886482238769531
96,,,0.676277756690979,0.6858399510383606,0.6861671209335327,0.6916241645812988,0.6840823292732239,0.6849831938743591,0.6905773878097534,0.6914297342300415
97,,,0.6783505082130432,0.6824586987495422,0.6900253891944885,0.6881322860717773,0.6825645565986633,0.6865084171295166,0.6909676790237427,0.6887550950050354
98,,,0.6754100918769836,0.6876201033592224,0.6879650354385376,0.6916913986206055,0.6831738352775574,0.6821331977844238,0.6926765441894531,0.6900321245193481
99,,,0.6770361065864563,0.6875993013381958,0.6898537278175354,0.6910777688026428,0.683593213558197,0.6873939037322998,0.6899557709693909,0.6909773349761963
100,,,0.6776978969573975,0.6878032684326172,0.6880806684494019,0.6923394799232483,0.687250018119812,0.6888763308525085,0.6898557543754578,0.6909480690956116
101,,,0.6787862777709961,0.6851494312286377,0.6883837580680847,0.6901713609695435,0.6832612156867981,0.6877634525299072,0.6904246211051941,0.6945463418960571
102,,,0.6797518730163574,0.6897798180580139,0.6911755204200745,0.6928765177726746,0.6854553818702698,0.6894659996032715,0.6898648142814636,0.6955950260162354
103,,,0.6802831888198853,0.6877765059471129,0.6917833685874939,0.6908292770385742,0.6842429637908936,0.6886133551597595,0.6928807497024536,0.6942480206489563
104,,,0.6770111918449402,0.6862486600875854,0.6907126903533936,0.6949067711830139,0.6836806535720825,0.6843709945678711,0.6939595937728882,0.6960715651512146
105,,,0.6812427639961243,0.6918979287147522,0.6912769079208374,0.6950157880783081,0.6853931546211243,0.6865938901901245,0.6912388205528259,0.6921514272689819
106,,,0.6813063025474548,0.690732479095459,0.690782904624939,0.6916376352310181,0.686517596244812,0.6918304562568665,0.6951756477355957,0.6939577460289001
107,,,0.6812397241592407,0.6919512152671814,0.6899803280830383,0.6946006417274475,0.68585205078125,0.6831439733505249,0.6943317055702211,0.6960088014602661
108,,,0.6805554628372192,0.6937776803970337,0.6904208064079285,0.6954869627952576,0.6869907379150391,0.6888536214828491,0.6932861804962158,0.6980629563331604
109,,,0.6793006062507629,0.6916396617889404,0.6921418309211731,0.6920562386512756,0.6893609762191772,0.6886109709739685,0.6926106214523315,0.6998667120933533
110,,,0.6820428371429443,0.6911518573760986,0.6943446397781372,0.691430926322937,0.6903775930404663,0.6919162273406982,0.6926018595695496,0.6951879858970642
111,,,0.6844695210456848,0.6935564875602722,0.6949130296707153,0.6952533125877379,0.6877562999725342,0.692084550857544,0.6956840753555298,0.6946467757225037
112,,,0.6831903457641602,0.6920970678329468,0.6937925815582275,0.6993439793586731,0.6880046725273132,0.694824755191803,0.6967642903327942,0.6970831155776978
113,,,0.6818817853927612,0.6945989727973938,0.6934020519256592,0.69721919298172,0.6895399689674377,0.6955795288085938,0.6943192481994629,0.7003412842750549
114,,,0.6825782656669617,0.6947392225265503,0.6958373785018921,0.6974261999130249,0.6895183324813843,0.6888455748558044,0.6962315440177917,0.6985465288162231
115,,,0.6843528747558594,0.694521427154541,0.6947675943374634,0.6956226229667664,0.6878740787506104,0.6956308484077454,0.6961535811424255,0.6972095966339111
116,,,0.6856868267059326,0.694329559803009,0.6958976984024048,0.6901066899299622,0.6894086003303528,0.690328061580658,0.6975759863853455,0.6954851746559143
117,,,0.683431088924408,0.6942269206047058,0.6950925588607788,0.6971578598022461,0.6899205446243286,0.6926444172859192,0.6961426138877869,0.6986486911773682
118,,,0.6870915293693542,0.6928119063377379,0.6948003768920898,0.6991449594497681,0.6908249855041504,0.6921414732933044,0.6988330483436584,0.6950323581695557
119,,,0.6833192706108093,0.6952927708625793,0.6947899460792542,0.6959962248802185,0.6921812295913696,0.6907467842102051,0.6971232891082764,0.6976369023323059
120,,,0.6859947443008423,0.6964722871780396,0.6953186988830566,0.6974909901618958,0.6922620534896851,0.6938083171844482,0.6977896094322205,0.6960486173629761
121,,,0.6875153183937073,0.6963670253753662,0.6981762051582336,0.6953257322311401,0.6918891668319702,0.6935136318206787,0.6965191960334778,0.6981958746910095
122,,,0.6879633665084839,0.6963379383087158,0.6956408023834229,0.6982854008674622,0.6914137005805969,0.6930925250053406,0.6996116638183594,0.7033154964447021
123,,,0.6888221502304077,0.6978241801261902,0.6971544027328491,0.6986551880836487,0.6925610899925232,0.6893765330314636,0.6986441612243652,0.6984211802482605
124,,,0.6862726211547852,0.6968278884887695,0.6994585394859314,0.6940993666648865,0.6925162672996521,0.6914262175559998,0.6979146599769592,0.700965166091919
125,,,0.6870135068893433,0.6974929571151733,0.6981848478317261,0.6978573203086853,0.6931878924369812,0.6943888068199158,0.700114905834198,0.7005379796028137
126,,,0.6880732774734497,0.6982109546661377,0.6971895098686218,0.6994965672492981,0.6922438144683838,0.6942452192306519,0.6989807486534119,0.7027928829193115
127,,,0.6888060569763184,0.6946122050285339,0.6979624032974243,0.7019505500793457,0.6896525621414185,0.6990453600883484,0.697906494140625,0.7047333717346191
128,,,0.6879144906997681,0.6989565491676331,0.6994941234588623,0.7001147270202637,0.6926954984664917,0.6993952989578247,0.6984279751777649,0.7067089080810547
129,,,0.6873392462730408,0.6977704763412476,0.6987457275390625,0.69944828748703,0.6960526704788208,0.6971856355667114,0.7017587423324585,0.6987549066543579
130,,,0.6872736215591431,0.6965310573577881,0.6987695097923279,0.701701283454895,0.6929406523704529,0.6923349499702454,0.6988985538482666,0.7020248174667358
131,,,0.6895471811294556,0.6992242932319641,0.6970980167388916,0.6977121829986572,0.6957505941390991,0.6966143846511841,0.7007602453231812,0.7027488350868225
132,,,0.689835786819458,0.6995899677276611,0.6983360648155212,0.7005327343940735,0.6959807276725769,0.7000362873077393,0.7026720643043518,0.7040219902992249
133,,,0.6891013383865356,0.7004119753837585,0.6981967687606812,0.7012720108032227,0.6953607797622681,0.6990385055541992,0.7006796598434448,0.7051999568939209
134,,,0.6892126202583313,0.6996615529060364,0.7007052898406982,0.7019784450531006,0.6969711184501648,0.6966978311538696,0.7014862298965454,0.7045980095863342
135,,,0.6905192732810974,0.699237585067749,0.7003769278526306,0.70320725440979,0.6961657404899597,0.7017260789871216,0.7036142945289612,0.7065657973289491
136,,,0.6929433941841125,0.7014365196228027,0.7001906037330627,0.7006576657295227,0.6957669258117676,0.6981523036956787,0.7016003131866455,0.7069321870803833
137,,,0.6909630298614502,0.7002800703048706,0.6999431848526001,0.700262725353241,0.6949536800384521,0.7043156027793884,0.7018784880638123,0.7032485604286194
138,,,0.6905748844146729,0.7008742094039917,0.7000049948692322,0.6982635259628296,0.695286750793457,0.6971631050109863,0.7011552453041077,0.7091963887214661
139,,,0.6920297741889954,0.7008505463600159,0.7037233710289001,0.7044825553894043,0.6976863145828247,0.6958140730857849,0.7035207748413086,0.7052525281906128
140,,,0.6931666731834412,0.7013850808143616,0.702297031879425,0.7049860954284668,0.6976196765899658,0.6957924962043762,0.7024177312850952,0.7048899531364441
141,,,0.6947397589683533,0.7023798227310181,0.7019459009170532,0.7036555409431458,0.698266863822937,0.7024306654930115,0.7041633725166321,0.7085317373275757
142,,,0.6947134733200073,0.6999063491821289,0.7012945413589478,0.704089879989624,0.6979100704193115,0.6950733065605164,0.7034388780593872,0.7085078954696655
143,,,0.6924694776535034,0.7027453184127808,0.7025786638259888,0.7046185731887817,0.6974256038665771,0.7003583908081055,0.7032264471054077,0.7046136260032654
144,,,0.6940127611160278,0.7024563550949097,0.7018284201622009,0.7002876996994019,0.6962369084358215,0.6976816654205322,0.7029706239700317,0.7073978781700134
145,,,0.6936789155006409,0.7030465602874756,0.7027763724327087,0.7051946520805359,0.6989580988883972,0.7044012546539307,0.7036828398704529,0.7060924768447876
146,,,0.692952036857605,0.7055723667144775,0.7032729983329773,0.7021008133888245,0.7022848129272461,0.7040322422981262,0.7046388983726501,0.7064199447631836
147,,,0.692135214805603,0.7030379772186279,0.7010095119476318,0.7055654525756836,0.6996005177497864,0.7034666538238525,0.7059298753738403,0.7080766558647156
148,,,0.6953434348106384,0.7020551562309265,0.7018870711326599,0.7013891339302063,0.6982195377349854,0.7005766034126282,0.7069639563560486,0.7083262205123901
149,,,0.6950144171714783,0.7027096152305603,0.7054635286331177,0.7046332359313965,0.6974360942840576,0.7034656405448914,0.7058643102645874,0.7053865194320679
150,,,0.695663571357727,0.7054823637008667,0.7035652995109558,0.701553463935852,0.6994928121566772,0.6980646848678589,0.7029334306716919,0.7074055075645447
151,,,0.6967906355857849,0.7054358124732971,0.7034412622451782,0.7011683583259583,0.7004339098930359,0.7051952481269836,0.7049263715744019,0.7094267010688782
152,,,0.697113037109375,0.7044752836227417,0.7060653567314148,0.7095953226089478,0.7025479078292847,0.6976417303085327,0.7053189873695374,0.7068086862564087
153,,,0.6944848299026489,0.7055937647819519,0.7038714289665222,0.7043834924697876,0.7004740238189697,0.7006074786186218,0.7052161693572998,0.7072425484657288
154,,,0.6956852078437805,0.7038759589195251,0.7053889036178589,0.7041772603988647,0.7021240592002869,0.7007766366004944,0.7048705816268921,0.7055551409721375
155,,,0.6968709230422974,0.7054333686828613,0.7044543623924255,0.7040469646453857,0.6998128890991211,0.7022445797920227,0.7064965963363647,0.7061538100242615
156,,,0.6973868012428284,0.7073193192481995,0.706964373588562,0.7093883156776428,0.7016891837120056,0.7040765881538391,0.707647442817688,0.7053826451301575
157,,,0.6968106627464294,0.7077586650848389,0.7056527137756348,0.7059473991394043,0.6997060179710388,0.7039099335670471,0.7076835036277771,0.7075755000114441
158,,,0.6979070901870728,0.7064208984375,0.7050978541374207,0.7050356268882751,0.6963294744491577,0.7020965218544006,0.7067620158195496,0.7089458107948303
159,,,0.6972757577896118,0.7044022083282471,0.7036014199256897,0.7077709436416626,0.7029605507850647,0.7039780616760254,0.7084242105484009,0.7087421417236328
160,,,0.699524998664856,0.7053772807121277,0.7074590921401978,0.7069211602210999,0.7028646469116211,0.7038590908050537,0.7052704095840454,0.7090934514999391
161,,,0.6991798877716064,0.7082571983337402,0.7069766521453857,0.7103270292282104,0.7028239965438843,0.7030401229858398,0.7080430388450623,0.7133908271789551
162,,,0.698219358921051,0.7083061337471008,0.7074771523475647,0.708135724067688,0.7013782262802124,0.7090140581130981,0.7071722149848938,0.7116456627845764
163,,,0.698412299156189,0.7071220874786377,0.7060670852661133,0.7093454599380493,0.7030500173568726,0.7091076970100403,0.7091376185417175,0.714233934879303
164,,,0.6980696320533752,0.7110280394554138,0.7081671357154846,0.7081985473632812,0.7033156156539917,0.7021012902259827,0.7098618149757385,0.7135105133056641
165,,,0.6976076364517212,0.7067111730575562,0.7082202434539795,0.7101592421531677,0.7013409733772278,0.7073356509208679,0.7095101475715637,0.7100369334220886
166,,,0.7000050544738771,0.709467887878418,0.7095924019813538,0.7069950699806213,0.7031607031822205,0.7044865489006042,0.7079610228538513,0.7134233713150024
167,,,0.6989070177078247,0.7069645524024963,0.7069545388221741,0.7064415812492371,0.7055563926696777,0.7099384069442749,0.7077484726905823,0.714085042476654
168,,,0.702225923538208,0.7106077075004578,0.7091896533966064,0.7108129858970642,0.7031492590904236,0.7032816410064697,0.7089681625366211,0.7095488905906677
169,,,0.6991713047027588,0.7101099491119385,0.7078217267990112,0.7117592096328735,0.7011757493019104,0.7106764316558838,0.7104209065437317,0.7135447263717651
170,,,0.6994659900665283,0.7074626684188843,0.708182156085968,0.7119873762130737,0.7041383385658264,0.7064344882965088,0.7107510566711426,0.7090238928794861
171,,,0.7020261883735657,0.7080867886543274,0.7093065977096558,0.7067552804946899,0.7041203379631042,0.7067645192146301,0.709568440914154,0.7112534642219543
172,,,0.7016368508338928,0.7094578146934509,0.7074278593063354,0.714056134223938,0.7014192342758179,0.7065331339836121,0.7103817462921143,0.7157163023948669
173,,,0.700615644454956,0.7118154168128967,0.7111176848411559,0.7090790271759033,0.7041953206062317,0.7016668915748596,0.710387110710144,0.7096831798553467
174,,,0.7016628980636597,0.7114734053611755,0.7090557217597961,0.7067426443099976,0.7051509618759155,0.7098739743232727,0.7114247679710388,0.7113640904426575
175,,,0.7009183764457703,0.7093955278396606,0.7094101905822754,0.7083113193511963,0.7051256895065308,0.7056938409805298,0.7100303769111633,0.7144086360931396
176,,,0.6991994380950928,0.7104368805885315,0.7095951437950134,0.7120513916015625,0.7057106494903564,0.7055496573448181,0.7111610174179077,0.7111098170280457
177,,,0.7004106044769287,0.7113785147666931,0.7078537940979004,0.7127457857131958,0.7069997191429138,0.7061660289764404,0.7105762362480164,0.7089488506317139
178,,,0.7026956081390381,0.7098367810249329,0.7100623846054077,0.7090633511543274,0.7048603296279907,0.704595148563385,0.7123112082481384,0.7148639559745789
179,,,0.7032704949378967,0.7113947868347168,0.7092171311378479,0.713504433631897,0.7049270272254944,0.7051316499710083,0.7116884589195251,0.7122415900230408
180,,,0.7015780806541443,0.7122295498847961,0.7099447846412659,0.7150042057037354,0.7055880427360535,0.7123149633407593,0.7102957367897034,0.7139478921890259
181,,,0.7005833983421326,0.7106848955154419,0.7115351557731628,0.7121060490608215,0.7043168544769287,0.7085524201393127,0.7104056477546692,0.7125020027160645
182,,,0.7060049176216125,0.7108628153800964,0.710336446762085,0.7127183675765991,0.7081367373466492,0.7049425840377808,0.7125799059867859,0.7174648642539978
183,,,0.7003712654113771,0.7126334905624391,0.7107235193252563,0.7084063291549683,0.7074698209762573,0.7105484604835509,0.7117284536361694,0.7137181758880615
184,,,0.7025933861732483,0.7122135758399963,0.7112621068954468,0.7163922190666199,0.7057505249977112,0.7106142640113831,0.7147191762924194,0.7160617709159851
185,,,0.701495349407196,0.713257908821106,0.7106469869613647,0.7161140441894531,0.7075882554054259,0.7104116678237915,0.7118216156959534,0.7141448259353638
186,,,0.7039770483970642,0.712395966053009,0.7135716676712036,0.7110528349876404,0.7053419947624207,0.7048419713973999,0.7131677269935608,0.7161402106285095
187,,,0.7031834125518799,0.7143767476081848,0.7130225300788879,0.7149152755737305,0.7058588862419128,0.7105093598365784,0.7135658860206604,0.7099428772926331
188,,,0.7042580842971802,0.7150326371192932,0.7122164964675903,0.7123033404350281,0.7060036659240723,0.7044509649276733,0.7139495015144348,0.7139012813568115
189,,,0.7061872482299805,0.7108590602874756,0.7107588052749634,0.7141050100326538,0.7082146406173706,0.7095817923545837,0.7131738662719727,0.7107274532318115
190,,,0.7038638591766357,0.7141647338867188,0.7126609683036804,0.7143639326095581,0.7076202630996704,0.7117794156074524,0.7114537358283997,0.7182407379150391
191,,,0.7031530141830444,0.7134101986885071,0.7120600938796997,0.7118897438049316,0.7091277241706848,0.7155705690383911,0.7161284685134888,0.7137390375137329
192,,,0.7079617977142334,0.7146927118301392,0.7111029624938965,0.7128795385360718,0.70941162109375,0.7112977504730225,0.7141504287719727,0.7135929465293884
193,,,0.7051164507865906,0.7145802974700928,0.7127166986465454,0.7142935991287231,0.7081456780433655,0.710236132144928,0.7142024040222168,0.7174756526947021
194,,,0.7040956020355225,0.7144110798835754,0.7133746147155762,0.7134619355201721,0.7080901265144348,0.7122157216072083,0.7128589153289795,0.7116112112998962
195,,,0.7061131596565247,0.7141489386558533,0.7127894759178162,0.7125617861747742,0.709333598613739,0.7115882039070129,0.7124204039573669,0.7174293398857117
196,,,0.7059016823768616,0.7145568132400513,0.7134227752685547,0.7177715301513672,0.7080981731414795,0.7149534225463867,0.7139468193054199,0.715398907661438
197,,,0.7047808766365051,0.7130256891250609,0.7138258814811707,0.7112016081809998,0.7111716866493225,0.7073087096214294,0.7137412428855896,0.7161359786987305
198,,,0.707702100276947,0.7136640548706055,0.7124237418174744,0.7155309319496155,0.7102940678596497,0.7113458514213562,0.7128415703773499,0.7116938829421997
199,,,0.7065510153770447,0.7151264548301697,0.7139260172843933,0.714249312877655,0.7076902985572815,0.7113100290298462,0.7156749367713928,0.7170428037643433
200,,,0.7053118348121643,0.7149734497070312,0.7145612835884094,0.7190735936164856,0.7088268995285034,0.706149697303772,0.7148945927619934,0.7164788246154785
201,,,0.7070893645286559,0.7148555517196655,0.7135490775108337,0.7163973450660706,0.7089468836784363,0.7096430063247681,0.7154385447502136,0.7205970287322998
202,,,0.7077463865280151,0.715205729007721,0.7127653956413269,0.7188211679458618,0.7098929286003113,0.7093194127082825,0.7134209275245667,0.7195285558700562
203,,,0.7071451544761658,0.7153979539871216,0.7146141529083252,0.7116464972496033,0.7094495892524719,0.7151097059249878,0.7152265906333923,0.7171944379806519
204,,,0.7053650021553041,0.7158579230308533,0.7154617309570312,0.7172359228134155,0.7130843997001648,0.7172527313232422,0.7165675163269043,0.7128128409385681
205,,,0.7092541456222534,0.7154683470726013,0.7142688035964966,0.7153356671333313,0.7080752849578857,0.7118353247642517,0.713018000125885,0.7176867723464966
206,,,0.7073826789855957,0.7172701358795166,0.7136584520339966,0.7153996229171753,0.7100253105163574,0.7107990980148315,0.7161104083061218,0.7184081673622131
207,,,0.7057314515113831,0.7182391881942749,0.7139659523963928,0.7157105207443237,0.7132737636566162,0.7152494192123413,0.7159822583198547,0.7173354625701904
208,,,0.7079858183860779,0.7184747457504272,0.7139114141464233,0.7170345187187195,0.710164487361908,0.7160398364067078,0.7165825963020325,0.7142610549926758
209,,,0.7088161706924438,0.7163956165313721,0.7158736586570741,0.7132856845855713,0.7092321515083313,0.7093322873115541,0.7173428535461426,0.7165233492851257
210,,,0.707524836063385,0.7160106897354126,0.7144952416419983,0.7187347412109375,0.7100618481636047,0.7107804417610168,0.7156022787094116,0.7167971134185791
211,,,0.7084696888923645,0.718129575252533,0.7141338586807251,0.7147490382194519,0.7111824154853821,0.7139880657196045,0.7148566842079163,0.7186068892478943
212,,,0.7103703618049622,0.7184203267097473,0.7150669097900391,0.7184737324714661,0.7097124457359314,0.7148734927177429,0.7174756526947021,0.7210051417350769
213,,,0.7081913948059082,0.7167300581932068,0.7158081531524658,0.714501678943634,0.7124266624450684,0.7114320993423462,0.7182275652885437,0.7103731036186218
214,,,0.7098701000213623,0.7186331152915955,0.7184988260269165,0.71436607837677,0.7126598954200745,0.7161020040512085,0.7154021263122559,0.7211298942565918
215,,,0.7099840044975281,0.7172141075134277,0.7169010043144226,0.7160103321075441,0.7108634114265442,0.7137269973754883,0.7183907032012941,0.7171695828437805
216,,,0.7104822397232056,0.7169804573059082,0.7178550958633423,0.7193861603736877,0.7141194939613342,0.7114604115486145,0.7179135680198669,0.7163093090057373
217,,,0.7088350653648376,0.7158744931221008,0.7169132828712463,0.7178987860679626,0.711073637008667,0.7142518758773804,0.7169569730758667,0.7152684330940247
218,,,0.7105540037155151,0.7186566591262817,0.7156734466552734,0.7177242636680603,0.7127643823623657,0.7113567590713501,0.7185507416725159,0.7183911204338074
219,,,0.7082691788673401,0.7175129055976868,0.7175477743148804,0.7158534526824951,0.7123426198959351,0.7136815786361694,0.7172326445579529,0.7242459654808044
220,,,0.7124969363212585,0.7206752300262451,0.7179785966873169,0.7136963009834291,0.7112713456153871,0.7157245874404907,0.7183341979980469,0.7169585824012756
221,,,0.7106161117553711,0.7190691232681274,0.7162477374076843,0.7181289792060852,0.7112045288085938,0.7174333333969116,0.7175913453102112,0.7206446528434753
222,,,0.7104206085205078,0.7191200852394104,0.7164128422737122,0.7189235091209412,0.7170617580413818,0.7119077444076538,0.719049870967865,0.7193993926048279
223,,,0.7081574797630309,0.720711886882782,0.7167450785636902,0.7169839143753052,0.7139238119125366,0.7112319469451904,0.7191577553749084,0.7139169573783875
224,,,0.7106830477714539,0.7193295955657959,0.7181801795959473,0.71743243932724,0.7148407101631165,0.7168270945549011,0.7177293300628662,0.7194976806640625
225,,,0.7094830274581909,0.7182376980781555,0.7170832753181458,0.719238817691803,0.7149316072463989,0.7170778512954712,0.7193977236747742,0.7176012396812439
226,,,0.709801971912384,0.7193449139595032,0.7180820107460022,0.7208893895149231,0.7128817439079285,0.7121264338493347,0.7200957536697388,0.7171157598495483
227,,,0.7099958658218384,0.7171198725700378,0.7170678973197937,0.7164537310600281,0.7129386663436891,0.7170418500900269,0.7186977863311768,0.7195510268211365
228,,,0.7123950123786926,0.7161480784416199,0.7175869941711426,0.7145935893058777,0.7136980295181274,0.7136658430099487,0.7191925644874573,0.7206695079803467
229,,,0.7107447385787964,0.7213068008422852,0.7190917730331421,0.7188096046447754,0.7138202786445618,0.7097237706184387,0.7190020084381104,0.7183767557144165
230,,,0.7115238308906555,0.7171010971069336,0.7171698808670044,0.7208508849143982,0.7139310836791992,0.7176526784896851,0.7174599170684814,0.7181776165962219
231,,,0.7110161185264587,0.7212600708007812,0.7187651991844177,0.7192138433456421,0.7138733863830566,0.7151187658309937,0.7190490365028381,0.7191227078437805
232,,,0.7128667831420898,0.7193222641944885,0.7195441126823425,0.7184370756149292,0.7151289582252502,0.7150860428810121,0.7197875380516052,0.720953106880188
233,,,0.7126771211624146,0.7189895510673523,0.718359112739563,0.7221930027008057,0.7141572833061218,0.7158535718917847,0.7199963927268982,0.7218056321144104
234,,,0.7111340761184692,0.7204318046569824,0.7191224694252014,0.7195671796798706,0.7145273685455322,0.7078336477279663,0.7184590697288513,0.7182641625404358
235,,,0.7119095325469971,0.7195200324058533,0.7178559303283691,0.7164131999015808,0.7128596901893616,0.7136608958244324,0.7190408706665039,0.7210772037506104
236,,,0.7108204960823059,0.7187134623527527,0.7195934057235718,0.7214071154594421,0.7134954929351807,0.7108492851257324,0.7217268943786621,0.7209699749946594
237,,,0.7105796933174133,0.7208412885665894,0.7194836735725403,0.7197052836418152,0.7141432166099548,0.7165352702140808,0.7204065322875977,0.7246707081794739
238,,,0.710873007774353,0.7209402322769165,0.7204700112342834,0.7186961174011229,0.7122778892517091,0.7168565392494202,0.719771683216095,0.7192803025245667
239,,,0.7154668569564819,0.7203591465950012,0.7191955447196959,0.71687251329422,0.7130649089813232,0.7155469059944153,0.7202978730201721,0.7167128920555115
240,,,0.7120235562324524,0.7226083278656006,0.7184253931045532,0.7197772860527039,0.7151511311531067,0.7183859944343567,0.7217369079589844,0.7211087942123413
241,,,0.71369469165802,0.720274806022644,0.7198509573936462,0.7203064560890198,0.7131574153900146,0.7217596769332886,0.7193623185157776,0.7200536131858826
242,,,0.7137916088104248,0.7218279838562012,0.7223106026649475,0.7188317179679871,0.7128133773803711,0.7149747014045715,0.7172827720642091,0.720922589302063
243,,,0.7123549580574036,0.7223424911499023,0.7191230058670044,0.7197664976119995,0.7169706225395203,0.7156142592430115,0.7224288582801819,0.724899411201477
244,,,0.7115278244018555,0.7213584780693054,0.7188737392425537,0.7213554978370667,0.7147333025932312,0.7178401947021484,0.721838653087616,0.7212090492248535
245,,,0.7137952446937561,0.7207624912261963,0.7213729023933411,0.7193927168846129,0.7156552076339722,0.7175300121307373,0.7216406464576721,0.7261397242546082
246,,,0.7100697159767151,0.722152829170227,0.7213131785392761,0.7188247442245483,0.7156059741973877,0.7168381214141846,0.7227187156677246,0.7208913564682007
247,,,0.7136057615280151,0.7228509783744812,0.7201952338218689,0.7239659428596497,0.7158069610595703,0.7116323709487915,0.7218053936958313,0.7209495902061462
248,,,0.7137288451194763,0.7223514914512634,0.7205244898796082,0.7220898866653442,0.7158509492874146,0.7187496423721313,0.7207934260368347,0.7226271033287048
249,,,0.7116923928260803,0.7232077121734619,0.7200360894203186,0.7224684357643127,0.7181010246276855,0.7209067940711975,0.7210833430290222,0.7233470678329468
250,,,0.7162624001502991,0.7221168875694275,0.7206172347068787,0.7259072661399841,0.7188134789466858,0.7195100188255309,0.7242891192436218,0.7185844182968141
251,,,0.7133857607841492,0.7218503952026367,0.7193871736526489,0.7196938991546631,0.7160544991493225,0.7190917730331421,0.7227490544319153,0.7181380987167358
252,,,0.7164725065231323,0.7221112251281738,0.7214242815971375,0.7222996354103088,0.7161742448806763,0.7150645852088928,0.7223196029663086,0.7244389653205872
253,,,0.7140944004058838,0.7234083414077759,0.7228790521621704,0.726593017578125,0.7181487083435059,0.7165145874023438,0.7208227515220642,0.7202699780464172
254,,,0.7121587991714478,0.7229461669921875,0.7209882140159607,0.7193350791931152,0.7151730060577393,0.7170033454895021,0.7223859429359436,0.7232021689414978
255,,,0.71307772397995,0.7208884954452515,0.7212885618209839,0.7232120633125305,0.7186226844787598,0.7157968282699585,0.722763180732727,0.7221704125404358
256,,,0.7161895632743835,0.7238090634346008,0.7210429906845093,0.7227359414100647,0.7151727080345154,0.7195695638656616,0.7227826118469238,0.723109781742096
257,,,0.7173146605491638,0.7250322699546814,0.7214338779449463,0.7242711186408997,0.7156333923339844,0.7161620259284973,0.7223706841468811,0.7242636680603027
258,,,0.7153139710426331,0.7239981889724731,0.7227165699005127,0.7231207489967346,0.7181770205497742,0.7182590961456299,0.7238597869873047,0.7218140959739685
259,,,0.7143312096595764,0.7226631641387941,0.7216566801071167,0.7274551391601562,0.7183614373207092,0.7219805121421814,0.7217889428138733,0.7249925136566162
260,,,0.7153912186622621,0.7238895297050476,0.7213388085365295,0.7214674949645996,0.7145825028419495,0.7163592576980591,0.7228962779045105,0.7224963307380676
261,,,0.7142186760902405,0.7231196761131287,0.721933126449585,0.7239632606506348,0.7171176075935364,0.7167193293571472,0.721505880355835,0.7248252034187317
262,,,0.7172085642814636,0.7244415283203125,0.7216516733169556,0.7186502814292908,0.7151972651481628,0.7209171652793884,0.7258524894714355,0.7263621687889099
263,,,0.715661883354187,0.7243486642837524,0.7220943570137024,0.7241412401199341,0.7163351774215698,0.7215761542320251,0.7223643660545349,0.7245047688484192
264,,,0.7153806686401367,0.7230373620986938,0.7235094308853149,0.7269660830497742,0.7151183485984802,0.719298779964447,0.7251988053321838,0.7223203778266907
265,,,0.7124717235565186,0.72406405210495,0.7229982614517212,0.7241988182067871,0.7171559333801271,0.7174668312072754,0.7225500345230103,0.7232028245925903
266,,,0.7169740200042725,0.7242989540100098,0.7209385633468628,0.7192358970642091,0.7190744876861572,0.7180308103561401,0.7235139012336731,0.7208865880966187
267,,,0.7150898575782776,0.7235548496246338,0.7243712544441223,0.7229080200195312,0.7180028557777405,0.7123715281486511,0.7239403724670409,0.7267401218414307
268,,,0.7152737379074097,0.7248998880386353,0.7224152088165283,0.7233405709266663,0.7187842726707458,0.7178735733032227,0.7245427966117859,0.720678985118866
269,,,0.7149107456207275,0.7249886393547058,0.7228481769561768,0.7223484516143799,0.7176330685615541,0.7184661626815796,0.7212326526641846,0.7245985269546509
270,,,0.7150252461433411,0.72565096616745,0.7225488424301147,0.7244705557823181,0.7168850898742676,0.7193116545677185,0.7251011729240417,0.7227171063423157
271,,,0.7160813212394714,0.7256797552108765,0.7216511964797974,0.7256340384483337,0.7184457182884216,0.7186925411224365,0.7245578765869141,0.7251262664794922
272,,,0.7203317880630493,0.7248377799987793,0.7224497795104979,0.7250809073448181,0.7181977033615112,0.7153450250625609,0.7239736318588257,0.7260665297508241
273,,,0.7170668840408325,0.7253605723381042,0.7224785685539246,0.7242253422737122,0.7201672792434692,0.7220353484153748,0.7255704402923584,0.7259949445724487
274,,,0.7157894968986511,0.7240177392959595,0.7233332991600037,0.7234538197517395,0.7192191481590271,0.7220621109008789,0.7235975861549377,0.7219954133033752
275,,,0.7189015746116638,0.7236037254333496,0.7240426540374756,0.7259033322334291,0.7171654105186462,0.7225645780563354,0.7258330583572388,0.7259891033172607
276,,,0.7159755825996399,0.7258636951446533,0.7219728827476501,0.723542332649231,0.720038115978241,0.7197215557098389,0.7240171432495117,0.7259668111801147
277,,,0.7160027623176575,0.726581335067749,0.7236171364784241,0.7243736386299133,0.7206994295120239,0.7178338170051575,0.7252436876296997,0.7258636355400085
278,,,0.7166950702667236,0.7252328395843506,0.7225486040115356,0.7291158437728882,0.7190331220626831,0.7225105166435242,0.7232327461242676,0.723303496837616
279,,,0.7172608971595764,0.7254080176353455,0.7264790534973145,0.7243627309799194,0.717576265335083,0.7182520627975464,0.7242763042449951,0.7244625687599182
280,,,0.7184923887252808,0.7261449098587036,0.7236340045928955,0.7236612439155579,0.7207165956497192,0.7142869234085083,0.7246453762054443,0.7252069711685181
281,,,0.7190513610839844,0.7269043922424316,0.7233237624168396,0.725658118724823,0.7190964818000793,0.7191234827041626,0.7251242995262146,0.7281868457794191
282,,,0.7188024520874023,0.7238115668296814,0.7230696082115173,0.7249981164932251,0.7204722762107849,0.7192314863204956,0.7252252101898193,0.7278950810432434
283,,,0.7150529026985168,0.7258013486862183,0.7240674495697021,0.7248216271400452,0.7194660305976868,0.7252930402755737,0.7248465418815613,0.726598858833313
284,,,0.7181001901626587,0.725932240486145,0.7231550216674805,0.7241514325141907,0.7197735905647278,0.7232397198677063,0.7249171137809753,0.7266972661018372
285,,,0.7196753621101379,0.7265543341636658,0.7247149348258972,0.7265641689300537,0.7185872793197632,0.7196457386016846,0.7266502380371094,0.7276279330253601
286,,,0.7179567813873291,0.7273445129394531,0.7243078351020813,0.7254267930984497,0.7198377251625061,0.7256955504417419,0.7247102856636047,0.7256754636764526
287,,,0.7169607281684875,0.7268398404121399,0.7256075143814087,0.7276641726493835,0.7236520648002625,0.7216145992279053,0.7274913191795349,0.7265546321868896
288,,,0.7188597917556763,0.7267577648162842,0.7254056930541992,0.7276739478111267,0.7217997312545776,0.7172002196311951,0.7254239320755005,0.7237468957901001
289,,,0.7183194756507874,0.7271921038627625,0.7222272157669067,0.7252097725868225,0.7214634418487549,0.7238743305206299,0.7241061925888062,0.729073166847229
290,,,0.7166032195091248,0.7255823612213135,0.7242942452430725,0.7221946120262146,0.7223020792007446,0.7178685665130615,0.7262056469917297,0.7255551218986511
291,,,0.7184290885925293,0.7275754809379578,0.7248144149780273,0.7248514890670776,0.7196980714797974,0.7207454442977905,0.7271043062210083,0.7238675951957703
292,,,0.7169244885444641,0.7259987592697144,0.7257813215255737,0.7246540784835815,0.7206423282623291,0.7183786034584045,0.7258318066596985,0.7223901748657227
293,,,0.7198827266693115,0.7279259562492371,0.7246700525283813,0.7240708470344543,0.7196894884109497,0.7259634137153625,0.7264821529388428,0.7276429533958435
294,,,0.7179932594299316,0.7273996472358704,0.7274107933044434,0.7251204848289491,0.7222349047660828,0.7199305295944214,0.7272030115127563,0.7271704673767091
295,,,0.7192994356155396,0.7244512438774109,0.7247640490531921,0.7250044941902161,0.7214658260345459,0.7170774340629578,0.7274651527404785,0.7264668345451355
296,,,0.7187557220458984,0.7268202304840088,0.7258573770523071,0.7253934741020203,0.7226875424385071,0.7217440605163574,0.7254549264907837,0.7258055806159973
297,,,0.7187580466270447,0.7274113893508911,0.7263765335083008,0.7245854735374451,0.7215893864631653,0.7230837345123291,0.7247278690338135,0.7235790491104126
298,,,0.7179015874862671,0.7292456030845642,0.7241483926773071,0.7254783511161804,0.7226817607879639,0.7255132794380188,0.7247537970542908,0.7321143150329591
299,,,0.7180508375167847,0.7279420495033264,,,0.7206507325172424,0.7226425409317017,0.7261667847633362,0.7297614216804504
300,,,0.721095860004425,0.7285397052764893,,,0.7190226316452026,0.7198996543884277,0.7266180515289307,0.7284281849861145
301,,,0.7193741202354431,0.7285692691802979,,,0.723749577999115,0.7270858287811279,0.726556122303009,0.7296326160430908
302,,,0.7181492447853088,0.7286279201507568,,,0.7217918634414673,0.7223739027976991,0.7249020338058472,0.7278521656990051
303,,,0.719559907913208,0.7264708876609802,,,0.7227516770362854,0.7199047207832336,0.7256919145584106,0.727744460105896
304,,,0.7202509045600891,0.7285469174385071,,,0.7230978012084961,0.7188136577606201,0.7284765839576721,0.7292133569717407
305,,,0.7203757166862488,0.7296044230461121,,,0.7246192097663879,0.7223601341247559,0.7295516133308411,0.7294206023216248
306,,,0.7205792665481567,0.7284584045410156,,,0.7231087684631348,0.7198465466499329,0.7284451723098755,0.7291373610496521
307,,,0.7186784148216248,0.7288855314254761,,,0.7246007919311523,0.7228586673736572,0.7270052433013916,0.7287389039993286
308,,,0.7217951416969299,0.7299352288246155,,,0.7218121290206909,0.7230666875839233,0.7285453081130981,0.7295406460762024
309,,,0.7198284864425659,0.7292813658714294,,,0.7238127589225769,0.7228347063064575,0.7299744486808777,0.7310686707496643
310,,,0.72147136926651,0.7275624275207521,,,0.7224865555763245,0.7215645909309387,0.7271097898483276,0.725997269153595
311,,,0.7222232222557068,0.7304973602294922,,,0.7251136898994446,0.7235114574432373,0.7278957366943359,0.7314080595970154
312,,,0.7203563451766968,0.7301222085952759,,,0.7223134040832521,0.7243438959121704,0.7288820147514343,0.7304419279098511
313,,,0.7187729477882385,0.7306355834007263,,,0.7215223908424377,0.7246127128601074,0.7289050221443176,0.7289997339248657
314,,,0.720646858215332,0.7275437712669373,,,0.7226626873016357,0.7195765376091003,0.7297229766845703,0.7264214158058167
315,,,0.7224081158638,0.7299142479896545,,,0.722301185131073,0.7178861498832703,0.7273622751235962,0.7247868180274963
316,,,0.7213754057884216,0.7302181124687195,,,0.7261040806770325,0.7276105880737305,0.72751784324646,0.7247790694236755
317,,,0.7207927107810974,0.7283064723014832,,,0.7238277196884155,0.7241833806037903,0.7283532619476318,0.7243738770484924
318,,,0.7220001220703125,0.7292140126228333,,,0.7272020578384399,0.7278790473937988,0.7280652523040771,0.7292966246604919
319,,,0.7226459980010986,0.7282786369323729,,,0.7228208184242249,0.7212507128715515,,
320,,,0.7215706706047058,0.7279203534126282,,,0.7240602970123291,0.7267042398452759,,
321,,,0.7221639156341553,0.7298499941825867,,,0.7239232659339905,0.7261556386947632,,
322,,,0.7216408252716064,0.7281971573829651,,,0.7250645160675049,0.7206296920776367,,
323,,,0.7233125567436218,0.7280430197715759,,,0.7252736687660217,0.7272122502326965,,
324,,,0.7228485941886902,0.7279166579246521,,,0.72532057762146,0.7270559668540955,,
325,,,0.7242445945739746,0.7298936247825623,,,0.7246910333633423,0.7251546382904053,,
326,,,0.7213362455368042,0.7283719182014465,,,0.7262579798698425,0.7258551120758057,,
327,,,0.7233383655548096,0.7272790670394897,,,0.7226592898368835,0.7276836037635803,,
328,,,0.7232858538627625,0.7287395596504211,,,0.7266929149627686,0.7280582785606384,,
329,,,0.7217176556587219,0.7292901873588562,,,0.7223694920539856,0.7234703898429871,,
330,,,0.7248409986495972,0.7306485772132874,,,0.7242037057876587,0.7249120473861694,,
331,,,0.7201898097991943,0.73045814037323,,,0.7275609374046326,0.7230675220489502,,
332,,,0.7262861728668213,0.7322270274162292,,,0.7230557203292847,0.7246661186218262,,
333,,,0.7237845659255981,0.7313188910484314,,,0.7240458130836487,0.7254719734191895,,
334,,,0.7233403325080872,0.7325599789619446,,,0.7244061231613159,0.7244777679443359,,
335,,,0.7240015864372253,0.729995846748352,,,0.7237390875816345,0.7281265854835509,,
336,,,0.724951446056366,0.7314375042915344,,,0.7264711260795593,0.7263316512107849,,
337,,,0.721788227558136,0.7313598394393921,,,0.7232379913330078,0.7253133058547974,,
338,,,0.7232812643051147,0.7304655909538269,,,0.7259287238121033,0.7204833030700684,,
339,,,0.7219654321670532,0.7288366556167603,,,0.7239429950714111,0.7272235155105591,,
340,,,0.7227777242660522,0.7302942872047424,,,0.726384162902832,0.7224275469779968,,
341,,,0.7231383919715881,0.7320650219917297,,,0.7262097597122192,0.7240923643112183,,
342,,,0.7254700660705566,0.7285782694816589,,,0.7246223688125609,0.7257888913154602,,
343,,,0.7244997024536133,0.7297303676605225,,,0.7246224284172058,0.7237208485603333,,
344,,,0.7225452661514282,0.7311325669288635,,,0.7251425981521606,0.7306163311004639,,
345,,,0.7237285375595093,0.7309924960136414,,,0.7248949408531189,0.722084641456604,,
346,,,0.7244917154312134,0.7312293648719788,,,0.7259187698364258,0.7270473837852478,,
347,,,0.7262583374977112,0.7314756512641907,,,0.7266321778297424,0.7269635796546936,,
348,,,0.7236954569816589,0.731453537940979,,,0.7244993448257446,0.7244474291801453,,
349,,,0.7249718904495239,0.734383225440979,,,0.7275466918945312,0.7252708673477173,,
350,,,0.7226026058197021,0.7317081689834595,,,0.7283370494842529,0.7217741012573242,,
351,,,0.7237918376922607,0.7301059365272522,,,0.7243787050247192,0.7249025702476501,,
352,,,0.7229992747306824,0.7312183380126953,,,0.7254908084869385,0.7270746231079102,,
353,,,0.7241688370704651,0.733229398727417,,,0.7263820171356201,0.7262749075889587,,
354,,,0.724926233291626,0.7325626015663147,,,0.7270483970642091,0.7258892655372621,,
355,,,0.7261061668395996,0.7332924604415894,,,0.7252376675605774,0.7277064919471741,,
356,,,0.7216641902923584,0.732374906539917,,,0.7264211773872375,0.7288742661476135,,
357,,,0.7266206145286559,0.7313148379325867,,,0.7273961305618286,0.7282460927963257,,
358,,,0.7237914204597473,0.7327966690063477,,,0.7252429127693176,0.7263725996017456,,
359,,,0.725570797920227,0.7325134873390198,,,0.7291807532310486,0.7263560891151428,,
360,,,0.7267186641693115,0.7335631251335144,,,0.7261970639228821,0.723699688911438,,
361,,,0.72541743516922,0.7326565384864807,,,0.7283964157104492,0.7287358045578003,,
362,,,0.7228586077690125,0.7335659861564636,,,0.7258631587028503,0.7320234775543213,,
363,,,0.7242686152458191,0.7332081794738771,,,0.7264052033424377,0.7271992564201355,,
364,,,0.7235696911811829,0.7329414486885071,,,0.726995050907135,0.7281887531280518,,
365,,,0.7244095802307129,0.7328731417655945,,,0.7280874848365784,0.7288108468055725,,
366,,,0.7244701385498047,0.7326599359512329,,,0.7307128310203552,0.7299352884292603,,
367,,,0.7242719531059265,0.7328497767448425,,,0.7270334362983704,0.7259453535079956,,
368,,,0.7261926531791687,0.7328466176986694,,,0.7281962633132935,0.7303437590599059,,
369,,,0.7266746163368225,0.7354203462600708,,,0.72797691822052,0.7281829118728638,,
370,,,0.7260597944259644,0.7334962487220764,,,0.7270337343215942,0.7285218238830566,,
371,,,0.7260419726371765,0.7341556549072266,,,0.7284070253372192,0.7263274192810059,,
372,,,0.7255118489265442,0.7309516072273254,,,0.7270556688308716,0.7301990985870361,,
373,,,0.7242977023124695,0.7333741784095764,,,0.726211667060852,0.7257587313652039,,
374,,,0.7262582778930664,0.7333395481109619,,,0.7252103090286255,0.7315226197242737,,
375,,,0.7250611186027527,0.7348555326461792,,,0.7275220155715942,0.7289577722549438,,
376,,,0.7257497310638428,0.7338578104972839,,,0.7275285124778748,0.7268921136856079,,
377,,,0.7253884673118591,0.7341904640197754,,,0.7308420538902283,0.7252681255340576,,
378,,,0.7274737358093262,0.7291985154151917,,,0.7274613380432129,0.7294319868087769,,
379,,,0.7264394164085388,0.7356685996055603,,,0.7286378145217896,0.7273994088172913,,
380,,,0.7249759435653687,0.7348911166191101,,,0.7246464490890503,0.7280933260917664,,
381,,,0.7262701392173767,0.7344436049461365,,,0.7286329865455627,0.7291096448898315,,
382,,,0.7278109192848206,0.7360996603965759,,,0.7306441068649292,0.7274983525276184,,
383,,,0.7285001873970032,0.7337250709533691,,,,,,
384,,,0.7269139885902405,0.7344933152198792,,,,,,
385,,,0.7251983880996704,0.7338366508483887,,,,,,
386,,,0.7256200909614563,0.734477698802948,,,,,,
387,,,0.7276931405067444,0.7335399389266968,,,,,,
388,,,0.7273799180984497,0.7355539202690125,,,,,,
389,,,0.7263231873512268,0.732654869556427,,,,,,
390,,,0.7260812520980835,0.7359693050384521,,,,,,
391,,,0.7300933003425598,0.7347942590713501,,,,,,
392,,,0.7267414927482605,0.7329038977622986,,,,,,
393,,,0.7297910451889038,0.7354320287704468,,,,,,
394,,,0.7272271513938904,0.7323359251022339,,,,,,
395,,,0.7276774048805237,0.7347786426544191,,,,,,
396,,,0.7279824614524841,0.7346628308296204,,,,,,
397,,,0.7258975505828857,0.7361547946929932,,,,,,
398,,,0.7275817990303041,0.7352548241615295,,,,,,
399,,,0.7271808385848999,0.7344357371330261,,,,,,
400,,,0.7290207147598267,0.7352765798568726,,,,,,
401,,,0.7249974012374878,0.7332628965377808,,,,,,
402,,,0.7281652688980103,0.7370672821998596,,,,,,
403,,,0.7272837162017822,0.7356879711151123,,,,,,
404,,,0.7283108830451965,0.7353180646896362,,,,,,
405,,,0.7268441319465637,0.7340226769447327,,,,,,
406,,,0.7299345135688782,0.7373834252357483,,,,,,
407,,,0.728709876537323,0.7365948557853699,,,,,,
408,,,0.7284281849861145,0.736444890499115,,,,,,
409,,,0.7275974154472351,0.7366600632667542,,,,,,
410,,,0.7282974123954773,0.7360250949859619,,,,,,
411,,,0.728514552116394,0.735357403755188,,,,,,
412,,,0.7288835644721985,0.7349107265472412,,,,,,
413,,,0.7276654243469238,0.7354869246482849,,,,,,
414,,,0.7280282974243164,0.7360358834266663,,,,,,
415,,,0.7295479774475098,0.7365197539329529,,,,,,
416,,,0.7293359041213989,0.7365577220916748,,,,,,
417,,,0.7285305857658386,0.7370291948318481,,,,,,
418,,,0.7286298871040344,0.7359997034072876,,,,,,
419,,,0.7298687100410461,0.7367492318153381,,,,,,
420,,,0.7278980016708374,0.7370608448982239,,,,,,
421,,,0.7320090532302856,0.7377916574478149,,,,,,
422,,,0.7290885448455809,0.7361141443252563,,,,,,
423,,,0.7288350462913513,0.7372102737426758,,,,,,
424,,,0.7296841144561768,0.7373248338699341,,,,,,
425,,,0.7290458083152771,0.735830545425415,,,,,,
426,,,0.731214702129364,0.737465500831604,,,,,,
427,,,0.7283629775047302,0.7385501861572266,,,,,,
428,,,0.7304204106330872,0.7376018762588501,,,,,,
429,,,0.7294574975967407,0.7373680472373962,,,,,,
430,,,0.7288446426391602,0.734419584274292,,,,,,
431,,,0.7330428957939148,0.7374419569969177,,,,,,
432,,,0.7290164232254028,0.7373909950256348,,,,,,
433,,,0.7326037883758545,0.7375349402427673,,,,,,
434,,,0.7293679118156433,0.7375190854072571,,,,,,
435,,,0.7332949638366699,0.7383088469505309,,,,,,
436,,,0.7292113900184631,0.7382676601409912,,,,,,
437,,,0.7303084135055542,0.7353867292404175,,,,,,
438,,,0.7298820614814758,0.7381520867347717,,,,,,
439,,,0.7308299541473389,0.7370914220809937,,,,,,
440,,,0.7316367626190186,0.7374734282493591,,,,,,
441,,,0.7306293845176697,0.7386648654937744,,,,,,
442,,,0.7291802167892456,0.7390235662460327,,,,,,
443,,,0.7308290600776672,0.7385599613189697,,,,,,
444,,,0.7307354807853699,0.7383697032928467,,,,,,
445,,,0.7299932837486267,0.7398188710212708,,,,,,
446,,,0.7307010889053345,0.7380577921867371,,,,,,
447,,,0.7325863242149353,0.7384443283081055,,,,,,
448,,,0.7301526069641113,0.7381913065910339,,,,,,
449,,,0.7325820326805115,0.7397434115409851,,,,,,
450,,,0.7317289113998413,0.7397962808609009,,,,,,
451,,,0.7330718636512756,0.738939106464386,,,,,,
452,,,0.7318997383117676,0.7391155958175659,,,,,,
453,,,0.730276882648468,0.7375563979148865,,,,,,
454,,,0.7312963604927063,0.7401073575019836,,,,,,
455,,,0.7317408323287964,0.7390084862709045,,,,,,
456,,,0.7335681319236755,0.7379480600357056,,,,,,
457,,,0.7323746681213379,0.7383904457092285,,,,,,
458,,,0.7316234707832336,0.7384721636772156,,,,,,
459,,,0.7324017286300659,0.7388221025466919,,,,,,
460,,,0.7295336723327637,0.737843930721283,,,,,,
461,,,0.7317935228347778,0.7400801181793213,,,,,,
462,,,0.7310526371002197,0.7403925657272339,,,,,,
463,,,0.7285738587379456,0.7405445575714111,,,,,,
464,,,0.732402503490448,0.738942563533783,,,,,,
465,,,0.7313974499702454,0.7400184273719788,,,,,,
466,,,0.7330585718154907,0.7388641238212585,,,,,,
467,,,0.7296203374862671,0.7383707165718079,,,,,,
468,,,0.735007107257843,0.738761305809021,,,,,,
469,,,0.7346776127815247,0.7394800186157227,,,,,,
470,,,0.7350969314575195,0.7383384704589844,,,,,,
471,,,0.7336130738258362,0.7401614189147949,,,,,,
472,,,0.7334228754043579,0.7399253845214844,,,,,,
473,,,0.7334633469581604,0.7394050359725952,,,,,,
474,,,0.7337973117828369,0.7407432794570923,,,,,,
475,,,0.7332600355148315,0.7380315065383911,,,,,,
476,,,0.7322364449501038,0.7392821907997131,,,,,,
477,,,0.731212854385376,0.739709198474884,,,,,,
478,,,0.7312594652175903,0.7399048209190369,,,,,,
479,,,0.7328888773918152,0.7412593960762024,,,,,,
480,,,0.7336785197257996,0.7395161986351013,,,,,,
481,,,0.735183596611023,0.7387828826904297,,,,,,
482,,,0.7324143648147583,0.739388108253479,,,,,,
483,,,0.7324401736259459,0.7403957843780518,,,,,,
484,,,0.7346234917640686,0.7392041087150574,,,,,,
485,,,0.7330417633056641,0.7398018836975098,,,,,,
486,,,0.7336636781692505,0.7413508892059326,,,,,,
487,,,0.7334626317024231,0.7395595908164978,,,,,,
488,,,0.7311936616897583,0.7400011420249939,,,,,,
489,,,0.733316957950592,0.7404743432998657,,,,,,
490,,,0.7320908904075623,0.7409200668334961,,,,,,
491,,,0.7339550852775574,0.7406387329101562,,,,,,
492,,,0.73080974817276,0.7401517033576965,,,,,,
493,,,0.732925295829773,0.7403508424758911,,,,,,
494,,,0.7330973744392395,0.7411046028137207,,,,,,
495,,,0.7336774468421936,0.7393784523010254,,,,,,
496,,,0.7322499752044678,0.7399905323982239,,,,,,
497,,,0.734244167804718,0.7399386167526245,,,,,,
498,,,0.7337653636932373,0.7415705323219299,,,,,,
499,,,0.7350768446922302,0.7405582666397095,,,,,,
500,,,0.7324655652046204,0.7394933700561523,,,,,,
501,,,0.7317191958427429,0.7396191954612732,,,,,,
502,,,0.7343276143074036,0.7416287064552307,,,,,,
503,,,0.733127772808075,0.7401608824729919,,,,,,
504,,,0.7325710654258728,0.7424257397651672,,,,,,
505,,,0.7303439378738403,0.7404913902282715,,,,,,
506,,,0.7307154536247253,0.7402871251106262,,,,,,
507,,,0.7345187664031982,0.7401565909385681,,,,,,
508,,,0.7339743971824646,0.7424317598342896,,,,,,
509,,,0.7337517738342285,0.7400371432304382,,,,,,
510,,,0.7326560020446777,0.7403917908668518,,,,,,
511,,,0.7342194318771362,0.7402665019035339,,,,,,
512,,,0.7334696054458618,0.7396358847618103,,,,,,
513,,,0.7345936894416809,0.7408912777900696,,,,,,
514,,,0.7360697984695435,0.7426333427429199,,,,,,
515,,,0.7331811785697937,0.7416616082191467,,,,,,
516,,,0.7347338199615479,0.7432773113250732,,,,,,
517,,,0.7336671352386475,0.7431347370147705,,,,,,
518,,,0.732329785823822,0.7399060130119324,,,,,,
519,,,0.736014723777771,0.7434894442558289,,,,,,
520,,,0.7370408177375793,0.7420458197593689,,,,,,
521,,,0.7357574105262756,0.7413102984428406,,,,,,
522,,,0.7356706261634827,0.7431687116622925,,,,,,
523,,,0.7355479001998901,0.7428377866744995,,,,,,
524,,,0.7340110540390015,0.74275141954422,,,,,,
525,,,0.73357754945755,0.7406308650970459,,,,,,
526,,,0.7358152270317078,0.7427864670753479,,,,,,
527,,,0.7347544431686401,0.7426372766494751,,,,,,
528,,,0.7332381606101991,0.7415537834167479,,,,,,
529,,,0.7342682480812073,0.7418646216392517,,,,,,
530,,,0.7362059354782104,0.7429903149604797,,,,,,
531,,,0.733894944190979,0.7437438368797302,,,,,,
532,,,0.7332287430763245,0.7439341545104979,,,,,,
533,,,0.7368392348289491,0.7430182695388794,,,,,,
534,,,0.7338784337043762,0.7419496774673462,,,,,,
535,,,0.7363236546516418,0.7440912127494812,,,,,,
536,,,0.7345770597457886,0.7423089146614075,,,,,,
537,,,0.7367677688598633,0.7435887455940247,,,,,,
538,,,0.7361578345298767,0.742806613445282,,,,,,
539,,,0.7348596453666687,0.7437373399734497,,,,,,
540,,,0.7374941110610962,0.7428908348083496,,,,,,
541,,,0.7341475486755371,0.7430489659309387,,,,,,
542,,,0.7357046604156494,0.7425116300582886,,,,,,
543,,,0.7378332018852234,0.7431097030639648,,,,,,
544,,,0.7354931831359863,0.7441872954368591,,,,,,
545,,,0.7387170791625977,0.7414677739143372,,,,,,
546,,,0.7367103695869446,0.7430599927902222,,,,,,
547,,,0.7365897297859192,0.7432523369789124,,,,,,
548,,,0.7363005280494691,0.7433428764343262,,,,,,
549,,,0.7358548641204834,0.7433026432991028,,,,,,
550,,,0.7378935217857361,0.7438762187957764,,,,,,
551,,,0.7368867993354797,0.7426329851150513,,,,,,
552,,,0.7381317019462585,0.7432718873023987,,,,,,
553,,,0.7366359233856201,0.7437974214553833,,,,,,
554,,,0.7342420816421509,0.7427312731742859,,,,,,
555,,,0.7378196716308594,0.7441132068634033,,,,,,
556,,,0.7317434549331665,0.7438256144523621,,,,,,
557,,,0.7346470952033997,0.7459826469421387,,,,,,
558,,,0.7339942455291748,0.7455211281776428,,,,,,
559,,,0.7371108531951904,0.7439967393875122,,,,,,
560,,,0.7378341555595398,0.7449896931648254,,,,,,
561,,,0.7369961142539978,0.7453101277351379,,,,,,
562,,,0.7367745041847229,0.7458007335662842,,,,,,
563,,,0.7376103401184082,0.7452690005302429,,,,,,
564,,,0.7379820346832275,0.7448544502258301,,,,,,
565,,,0.7366782426834106,0.7439928650856018,,,,,,
566,,,0.7360107898712158,0.7454758882522583,,,,,,
567,,,0.7364823818206787,0.7444729208946228,,,,,,
568,,,0.7349267601966858,0.7441301941871643,,,,,,
569,,,0.7365858554840088,0.7443042397499084,,,,,,
570,,,0.7383337616920471,0.7426064610481262,,,,,,
571,,,0.73759925365448,0.7425315976142883,,,,,,
572,,,0.7397923469543457,0.7455747723579407,,,,,,
573,,,0.7339644432067871,0.7443069219589233,,,,,,
574,,,0.7369194030761719,0.7453532218933105,,,,,,
575,,,0.7380236983299255,0.7455886602401733,,,,,,
576,,,0.7395657896995544,0.7455797791481018,,,,,,
577,,,0.7386016249656677,0.7442522048950195,,,,,,
